api_name,docker_grade,json_grade
gateway1,14.806666666666667,1539
gateway2,14.69,162579
gateway3,18.364583333333332,162579
