api_name,docker_grade,json_grade
gateway1,15.104166666666668,
gateway2,15.080333333333337,
